"intent","template"
"payment_personal","稅金的部分再請您有空時協助轉帳唷🙏🙏
完成後再請跟我說，我請會計查帳😊
匯款金額：{amount}元
匯款資訊如下：
🏦 銀行名稱：元大銀行 (806)
💳 匯款帳號：20272740307387
🏢 戶名：方珮琦"
"payment_company","稅金的部分再請您有空時協助轉帳唷🙏🙏
完成後再請跟我說，我請會計查帳😊
匯款金額：{amount}元
匯款資訊如下：
🏦 銀行名稱：元大銀行 崇德分行 (806)
💳 匯款帳號：202-720-001-600-19
🏢 戶名：瑪卡鎷網路行銷有限公司"
"payment_screenshot","麻煩您完成後再截圖{payment_type}完成頁面傳給我們唷🙏
謝謝您！"
"meeting_reminder","非常感謝左經理的安排與時間，
我們 將於 8/14（四）10:30
一起前往您的地址拜訪您們，
和您們討論合作的細節規畫(關鍵字布局、網站是否調整前端設計以及後端基礎seo 設定調整）
面訪地址：新北市三重區光華路17號A區
連絡電話：0920326323
真的非常期待能夠和您們見面，
如果有任何異動都可以再跟我們說，
謝謝您的信任，期待合作"
"meeting_thanks","謝謝 左老闆和Doris今天撥空與我們會面
明天匯款完成再麻煩幫我回傳匯款收據單到群組
很期待之後為期三年的合作，我們和環球確認後會再和您們約討論網站設計的方向
討論結束以後，我們的網站專案管理師會接手完成一份規劃書，過目沒問題我們就會陸續開始進行

如果有任何需要進一步討論的地方請隨時與我聯繫，我們這邊會主動跟追進度～非常感謝您"
